Stock1,Stock2,AvgDelay
ABT,AAPL,29.005443237193443
ACN,AAPL,27.514319846783497
ACN,ABT,26.67241379310345
ADBE,AAPL,28.898957479548976
ADBE,ABT,29.26865671641791
AAPL,AMZN,23.2715821743205
AMZN,ABT,28.8135593220339
AAPL,ABT,27.265949651897124
BMY,AAPL,30.765688363997434
BMY,ABT,32.0030303030303
BRK-B,AAPL,30.85732782362496
ABT,BRK-B,32.84722222222222
AAPL,CMCSA,27.717411338078474
CMCSA,ABT,27.36842105263158
AAPL,COST,28.600083938714608
CRM,AAPL,26.96664555330407
CRM,ABT,36.41379310344828
CSCO,AAPL,29.43261735289668
CVX,ABT,27.774193548387096
AAPL,DHR,25.480005099306958
ABT,DHR,19.09433962264151
AAPL,DIS,28.047865684409604
ABT,DIS,34.17391304347826
GOOGL,ABT,15.48076923076923
HD,AAPL,29.916717786548915
HD,ABT,21.846153846153847
AAPL,HON,27.79699140679999
ABT,HON,27.152542372881356
IBM,AAPL,29.110648751332786
ABT,IBM,25.82089552238806
AAPL,INTC,27.53338902688648
ABT,INTC,22.515625
JNJ,AAPL,27.529908559341326
KO,AAPL,30.869815248537044
AAPL,LIN,28.975660123038367
LIN,ABT,22.70967741935484
AAPL,LLY,28.60075851376479
ABT,LLY,26.96551724137931
MA,AAPL,26.144077000941095
MA,ABT,35.24590163934426
MDT,AAPL,27.251179669269376
MDT,ABT,30.580645161290324
MRK,AAPL,27.77789027764948
ABT,MRK,24.53968253968254
AAPL,MSFT,24.555257442396602
ABT,MSFT,25.966666666666665
NEE,AAPL,29.813546719970077
AAPL,NFLX,31.441437967326465
ABT,NFLX,28.31372549019608
NKE,ABT,23.92753623188406
NVDA,AAPL,33.36164688885534
AAPL,ORCL,25.875885975054732
ORCL,ABT,28.754716981132077
ABT,PEP,26.16417910447761
AAPL,PFE,29.77645890799074
AAPL,PG,27.3658265265189
ABT,PG,25.089285714285715
QCOM,AAPL,26.50263991800907
ABT,QCOM,18.642857142857142
RTX,AAPL,29.335837330855327
AAPL,T,34.70398944655256
ABT,T,34.49152542372882
TMO,ABT,25.253968253968253
TXN,AAPL,25.74169111029612
UNH,AAPL,29.901574634758315
ABT,UNH,21.28787878787879
VZ,ABT,25.875
AAPL,WMT,31.116210209722453
ABT,WMT,27.897058823529413
XOM,ABT,30.915254237288135
GLD,AAPL,33.62845165280628
GLD,ABT,31.05291005291005
SLV,ABT,39.81481481481482
AAPL,ACN,26.619484279623492
AAPL,ADBE,29.69174958142872
ACN,ADBE,20.73456790123457
AMZN,ACN,16.98181818181818
BMY,ACN,37.30909090909091
AAPL,BRK-B,30.602167637778255
BRK-B,ACN,25.372549019607842
CMCSA,AAPL,30.06961989488261
ACN,CMCSA,28.272727272727273
COST,ACN,31.422619047619047
CRM,ACN,17.0125
AAPL,CSCO,28.278521242104834
ACN,CSCO,32.41798941798942
CVX,ACN,28.75409836065574
DHR,AAPL,27.04232604108265
DHR,ACN,20.272727272727273
DIS,ACN,16.58823529411765
GOOGL,AAPL,25.40891354616297
GOOGL,ACN,23.28
HON,ACN,22.076923076923077
INTC,ACN,26.82608695652174
ACN,JNJ,19.576923076923077
ACN,LIN,32.484375
LLY,AAPL,28.500675305819268
LLY,ACN,27.637931034482758
AAPL,MA,27.981744706045323
MA,ACN,26.69811320754717
MCD,AAPL,28.94596692556885
MCD,ACN,27.11320754716981
ACN,MDT,30.36111111111111
MSFT,AAPL,24.416030585051313
MSFT,ACN,37.145833333333336
NEE,ACN,31.586206896551722
NKE,AAPL,25.867188758099267
NVDA,ACN,37.56363636363636
PEP,AAPL,28.147794861082904
ACN,PEP,26.24561403508772
PFE,AAPL,32.04297850137813
ACN,PG,35.111111111111114
AAPL,QCOM,24.00464628280409
QCOM,ACN,23.0188679245283
ACN,RTX,23.68421052631579
ACN,T,37.84722222222222
AAPL,TMO,29.99818625695283
ACN,TMO,24.015151515151516
AAPL,TXN,23.936001444963484
ACN,TXN,23.070422535211268
ACN,UNH,31.32857142857143
VZ,AAPL,31.95713301797507
VZ,ACN,32.3448275862069
ACN,XOM,30.073529411764707
CL=F,ACN,29.140625
ACN,GLD,34.18518518518518
AAPL,SLV,32.79396970405062
AMZN,AAPL,24.449368342452996
AMZN,ADBE,33.114754098360656
AAPL,BMY,29.48536959140263
BRK-B,ADBE,26.245283018867923
ADBE,CMCSA,33.33846153846154
COST,ADBE,27.01492537313433
AAPL,CRM,26.334261169026625
CRM,ADBE,33.05757575757576
CSCO,ADBE,25.25423728813559
AAPL,CVX,30.508754895460786
CVX,ADBE,26.04054054054054
DHR,ADBE,32.84285714285714
GOOGL,ADBE,39.12903225806452
HD,ADBE,29.448275862068964
HON,ADBE,30.173076923076923
AAPL,IBM,30.100264166849513
IBM,ADBE,27.071794871794868
ADBE,INTC,39.63934426229508
KO,ADBE,37.289855072463766
ADBE,LIN,30.01851851851852
MCD,ADBE,27.26984126984127
AAPL,MRK,28.771856892144207
MSFT,ADBE,30.54054054054054
NEE,ADBE,45.706896551724135
ADBE,NFLX,29.065573770491802
AAPL,NKE,25.246452803350234
NVDA,ADBE,34.55172413793103
ORCL,ADBE,31.545454545454547
PFE,ADBE,34.2
PG,AAPL,28.41869127072235
QCOM,ADBE,23.0
AAPL,RTX,28.208609833684992
RTX,ADBE,33.74242424242424
T,ADBE,35.32142857142857
TMO,AAPL,30.765877851092927
TMO,ADBE,29.545454545454547
TXN,ADBE,23.1
ADBE,UNH,32.33898305084746
AAPL,VZ,30.28969452849781
ADBE,WMT,40.55
AAPL,XOM,29.497146787555653
ADBE,XOM,25.04255319148936
CL=F,AAPL,33.73850294803073
CL=F,ADBE,37.72222222222222
AAPL,GLD,34.288821962079254
ADBE,GLD,39.34782608695652
SLV,ADBE,38.6140350877193
AMZN,BMY,28.529411764705884
AMZN,BRK-B,32.015625
CMCSA,AMZN,29.12727272727273
COST,AMZN,23.436363636363637
AMZN,CRM,29.48148148148148
AMZN,CSCO,28.43548387096774
CVX,AMZN,25.88135593220339
AMZN,DHR,25.629032258064516
DIS,AMZN,22.913793103448278
GOOGL,AMZN,21.0625
AAPL,HD,28.299384292267963
AMZN,HD,29.714285714285715
HON,AMZN,20.32857142857143
AMZN,IBM,29.58730158730159
INTC,AAPL,28.041506295263225
AAPL,JNJ,27.413627546192455
JNJ,AMZN,22.544117647058822
AAPL,KO,30.26163919100107
AMZN,KO,33.5
LIN,AAPL,28.170186626687965
AMZN,LIN,29.384615384615383
LLY,AMZN,26.666666666666668
AAPL,MCD,29.128970237435585
AMZN,MCD,19.173076923076923
AMZN,MDT,28.16949152542373
MRK,AMZN,28.654545454545456
AAPL,NEE,31.415429447727607
AMZN,NEE,31.280701754385966
NFLX,AMZN,29.044117647058822
NKE,AMZN,20.789473684210527
AAPL,NVDA,35.55111568495208
NVDA,AMZN,36.157534246575345
AMZN,ORCL,34.717171717171716
PEP,AMZN,29.92982456140351
PFE,AMZN,33.71153846153846
AMZN,QCOM,26.483333333333334
T,AAPL,31.92278472398737
T,AMZN,33.65151515151515
TMO,AMZN,29.25
TXN,AMZN,28.964285714285715
AAPL,UNH,30.942748955484777
AMZN,UNH,30.131147540983605
AMZN,VZ,25.8125
AMZN,WMT,21.763157894736842
AMZN,XOM,33.98461538461538
CL=F,AMZN,33.568627450980394
GLD,AMZN,32.85294117647059
SLV,AAPL,33.02661071811897
BMY,BRK-B,36.75925925925926
CMCSA,BMY,27.0
BMY,COST,44.71153846153846
CRM,BMY,30.163265306122447
BMY,CSCO,28.0
CVX,AAPL,31.28642505092294
BMY,CVX,34.98076923076923
DHR,BMY,21.509090909090908
BMY,GOOGL,23.138364779874212
BMY,HD,34.440677966101696
HON,AAPL,26.16326198985739
HON,BMY,41.69491525423729
IBM,BMY,29.080645161290324
BMY,JNJ,21.166666666666668
LIN,BMY,34.45333333333333
LLY,BMY,30.517241379310345
AAPL,MDT,25.35865628661676
MDT,BMY,20.5
MRK,BMY,21.51851851851852
BMY,MSFT,34.232142857142854
NEE,BMY,32.166666666666664
NFLX,AAPL,31.058531461140028
BMY,NFLX,29.220338983050848
NKE,BMY,27.8135593220339
ORCL,AAPL,26.22400220599646
ORCL,BMY,28.357142857142858
PEP,BMY,28.87272727272727
BMY,PG,25.327272727272728
BMY,QCOM,25.48148148148148
RTX,BMY,30.666666666666668
T,BMY,29.142857142857142
TXN,BMY,29.75438596491228
UNH,BMY,27.193548387096776
BMY,VZ,18.537037037037038
BMY,XOM,31.189655172413794
BMY,CL=F,31.746031746031747
GLD,BMY,39.5
BMY,SLV,30.60377358490566
CMCSA,BRK-B,23.78787878787879
COST,AAPL,30.02895565071052
BRK-B,CRM,23.763636363636362
CSCO,BRK-B,28.70689655172414
BRK-B,DHR,31.39344262295082
DIS,AAPL,27.328294004764878
DIS,BRK-B,33.234375
GOOGL,BRK-B,29.620689655172413
BRK-B,HD,24.596153846153847
BRK-B,HON,18.70909090909091
KO,BRK-B,27.0
LLY,BRK-B,24.49122807017544
BRK-B,MDT,27.566666666666666
MRK,BRK-B,30.719298245614034
BRK-B,NKE,33.564516129032256
BRK-B,NVDA,37.22
ORCL,BRK-B,25.238095238095237
AAPL,PEP,27.56114476070842
PEP,BRK-B,35.0
BRK-B,PFE,34.371428571428574
BRK-B,QCOM,24.583333333333332
RTX,BRK-B,40.59615384615385
TMO,BRK-B,24.353846153846153
TXN,BRK-B,31.639344262295083
XOM,AAPL,32.32869886387478
BRK-B,XOM,26.16393442622951
CL=F,BRK-B,26.92156862745098
BRK-B,GLD,35.0
BRK-B,SLV,35.71186440677966
COST,CMCSA,28.728571428571428
CRM,CMCSA,24.170212765957448
CSCO,CMCSA,31.73469387755102
CVX,CMCSA,28.047619047619047
CMCSA,DIS,22.579710144927535
GOOGL,CMCSA,19.52542372881356
CMCSA,HD,38.3921568627451
CMCSA,HON,34.74242424242424
CMCSA,IBM,41.7938596491228
INTC,CMCSA,21.839285714285715
JNJ,CMCSA,32.204081632653065
CMCSA,KO,17.532258064516128
LIN,CMCSA,25.396825396825395
LLY,CMCSA,26.8
CMCSA,MA,31.417989417989418
CMCSA,MCD,28.257575757575758
CMCSA,MDT,29.085714285714285
CMCSA,MRK,24.13888888888889
CMCSA,NEE,18.28846153846154
CMCSA,NVDA,40.128571428571426
ORCL,CMCSA,24.38095238095238
PEP,CMCSA,28.2
PFE,CMCSA,33.56140350877193
CMCSA,PG,32.76229508196721
CMCSA,QCOM,26.939393939393938
RTX,CMCSA,27.774193548387096
CMCSA,TMO,24.984375
TXN,CMCSA,32.125
CMCSA,UNH,36.84285714285714
CMCSA,VZ,25.169811320754718
WMT,AAPL,32.523940341549086
CMCSA,WMT,25.323076923076922
CMCSA,XOM,35.27272727272727
CMCSA,GLD,31.014084507042252
CMCSA,SLV,33.79032258064516
CSCO,COST,31.96825396825397
COST,CVX,32.234375
COST,DHR,34.574074074074076
COST,GOOGL,23.174603174603174
HD,COST,39.90909090909091
HON,COST,20.654545454545456
INTC,COST,24.833333333333332
JNJ,COST,28.654545454545456
COST,KO,33.357142857142854
COST,LLY,21.618181818181817
MA,COST,39.87719298245614
MCD,COST,22.907692307692308
MDT,COST,29.322033898305083
MRK,COST,32.95454545454545
MSFT,COST,23.607142857142858
NEE,COST,28.233333333333334
NFLX,COST,34.01470588235294
NKE,COST,33.0655737704918
NVDA,COST,31.162790697674417
COST,ORCL,30.921875
COST,PEP,30.017543859649123
PFE,COST,37.79365079365079
PG,COST,37.327683615819204
COST,QCOM,27.563636363636363
RTX,COST,36.392857142857146
COST,T,38.59090909090909
COST,TMO,31.24074074074074
COST,TXN,31.678571428571427
UNH,COST,34.78947368421053
COST,VZ,31.370967741935484
COST,WMT,25.62686567164179
COST,XOM,31.94736842105263
CL=F,COST,29.949152542372882
GLD,COST,30.606060606060606
COST,SLV,33.0
CRM,CVX,36.88405797101449
DHR,CRM,20.317460317460316
DIS,CRM,23.89041095890411
AAPL,GOOGL,24.755724092469272
GOOGL,CRM,20.88235294117647
CRM,HD,33.11666666666667
INTC,CRM,31.56756756756757
JNJ,CRM,22.573529411764707
KO,CRM,29.890625
CRM,LIN,21.64
CRM,LLY,35.024509803921575
CRM,MA,26.163636363636364
CRM,MDT,26.8
CRM,MRK,33.40350877192982
CRM,MSFT,23.392857142857142
CRM,NEE,27.220338983050848
NFLX,CRM,32.390625
NKE,CRM,19.413793103448278
CRM,NVDA,35.361702127659576
ORCL,CRM,35.01960784313726
CRM,PEP,37.03389830508475
PFE,CRM,35.330303030303035
CRM,QCOM,24.015873015873016
RTX,CRM,18.903846153846153
T,CRM,31.34328358208955
CRM,TMO,22.3015873015873
TXN,CRM,19.40740740740741
UNH,CRM,30.375
WMT,CRM,34.56666666666667
CRM,XOM,31.614035087719298
CL=F,CRM,29.390625
GLD,CRM,41.65
CRM,SLV,27.741935483870968
CVX,CSCO,30.43661971830986
DHR,CSCO,25.483870967741936
DIS,CSCO,29.86842105263158
CSCO,GOOGL,16.09433962264151
CSCO,HD,20.16176470588235
HON,CSCO,27.85
IBM,CSCO,32.0
INTC,CSCO,20.705882352941178
CSCO,JNJ,31.37704918032787
CSCO,KO,28.611940298507463
LIN,CSCO,28.535714285714285
CSCO,LLY,21.19607843137255
CSCO,MA,44.8448275862069
MDT,CSCO,30.392857142857142
MRK,CSCO,22.79032258064516
MSFT,CSCO,25.924242424242426
NEE,CSCO,32.0
NFLX,CSCO,30.567164179104477
NKE,CSCO,33.074074074074076
CSCO,PFE,22.448275862068964
CSCO,PG,31.476190476190474
CSCO,QCOM,26.727272727272727
CSCO,RTX,34.41269841269841
CSCO,TMO,34.8125
CSCO,TXN,32.41095890410959
CSCO,UNH,34.55072463768116
VZ,CSCO,27.305084745762713
WMT,CSCO,33.964285714285715
XOM,CSCO,27.125
AAPL,CL=F,34.69899014495256
CSCO,CL=F,43.54666666666667
CSCO,SLV,32.406060606060606
CVX,DHR,31.263157894736842
CVX,DIS,24.54901960784314
GOOGL,CVX,19.425531914893618
CVX,HD,44.193548387096776
HON,CVX,34.0
CVX,JNJ,28.672131147540984
CVX,KO,39.55555555555556
CVX,LIN,29.408163265306122
CVX,MA,23.319148936170212
CVX,MCD,31.791666666666668
CVX,MRK,24.43548387096774
MSFT,CVX,31.766666666666666
CVX,NEE,24.173333333333332
CVX,NFLX,34.839285714285715
NKE,CVX,30.75
CVX,NVDA,31.857142857142858
ORCL,CVX,24.962264150943398
PEP,CVX,31.650793650793652
PFE,CVX,28.93103448275862
CVX,PG,22.560606060606062
CVX,T,34.80952380952381
TMO,CVX,35.95161290322581
TXN,CVX,28.264150943396228
CVX,UNH,26.078125
VZ,CVX,36.62903225806452
CVX,XOM,16.192307692307693
CL=F,CVX,28.603448275862068
CVX,SLV,34.865671641791046
DHR,DIS,28.825136612021858
DHR,GOOGL,30.133333333333333
DHR,HD,29.678571428571427
IBM,DHR,34.20454545454545
INTC,DHR,21.035714285714285
DHR,JNJ,27.714285714285715
KO,DHR,29.8
MA,DHR,29.26530612244898
DHR,MCD,35.62264150943396
DHR,MDT,32.29032258064516
MRK,DHR,22.322580645161292
DHR,MSFT,17.53061224489796
NKE,DHR,25.41304347826087
NVDA,DHR,30.725806451612904
DHR,PEP,23.59090909090909
DHR,PFE,23.73134328358209
DHR,PG,23.419354838709676
QCOM,DHR,23.567164179104477
RTX,DHR,18.88888888888889
T,DHR,35.964285714285715
TMO,DHR,26.01923076923077
TXN,DHR,32.21739130434783
UNH,DHR,29.225806451612904
XOM,DHR,31.43502824858757
CL=F,DHR,34.06666666666667
DHR,GLD,28.921875
SLV,DHR,40.507462686567166
DIS,GOOGL,34.80392156862745
DIS,HD,35.03225806451613
HON,DIS,24.433333333333334
IBM,DIS,31.233333333333334
INTC,DIS,29.957142857142856
JNJ,DIS,19.71232876712329
LIN,DIS,18.433962264150942
LLY,DIS,30.10144927536232
DIS,MA,33.63793103448276
DIS,MCD,29.849206349206348
DIS,MDT,21.49206349206349
MRK,DIS,24.742857142857144
MSFT,DIS,19.50793650793651
NEE,DIS,46.07017543859649
DIS,NFLX,27.33823529411765
NKE,DIS,18.528301886792452
DIS,NVDA,43.032786885245905
ORCL,DIS,30.9811320754717
PEP,DIS,23.83050847457627
DIS,PG,17.105263157894736
QCOM,DIS,19.0188679245283
RTX,DIS,27.185185185185187
DIS,T,33.59090909090909
DIS,TMO,34.276923076923076
DIS,TXN,26.360655737704917
UNH,DIS,28.815384615384616
VZ,DIS,25.484848484848484
XOM,DIS,18.979166666666668
DIS,GLD,40.25806451612903
DIS,SLV,21.424242424242426
GOOGL,HD,21.55
HON,GOOGL,32.15625
GOOGL,INTC,24.892307692307693
JNJ,GOOGL,17.683333333333334
KO,GOOGL,27.603174603174605
LIN,GOOGL,32.553333333333335
GOOGL,LLY,27.066666666666666
MA,GOOGL,21.533333333333335
GOOGL,MCD,19.433962264150942
MSFT,GOOGL,22.779661016949152
NEE,GOOGL,19.50793650793651
GOOGL,NFLX,28.114754098360656
NKE,GOOGL,29.536231884057973
GOOGL,NVDA,34.46666666666667
GOOGL,ORCL,22.21311475409836
PEP,GOOGL,25.350877192982455
PFE,GOOGL,34.96153846153846
GOOGL,PG,27.02020202020202
QCOM,GOOGL,22.11764705882353
GOOGL,T,29.634920634920636
TXN,GOOGL,24.15625
VZ,GOOGL,33.89247311827957
WMT,GOOGL,21.77358490566038
XOM,GOOGL,26.516129032258064
GOOGL,GLD,37.392857142857146
SLV,GOOGL,34.214285714285715
HON,HD,22.94736842105263
HD,IBM,26.65
INTC,HD,30.0
JNJ,HD,28.632653061224488
HD,KO,26.80952380952381
LIN,HD,32.333333333333336
LLY,HD,23.339285714285715
MA,HD,25.29824561403509
MDT,HD,27.580645161290324
MRK,HD,30.46031746031746
HD,MSFT,25.01923076923077
HD,NEE,25.149253731343283
HD,NFLX,29.215384615384615
HD,NKE,36.23880597014925
NVDA,HD,37.271186440677965
ORCL,HD,27.181818181818183
HD,PEP,25.73469387755102
PFE,HD,27.19736842105263
HD,PG,23.24590163934426
HD,QCOM,27.949152542372882
HD,RTX,29.78181818181818
T,HD,42.98907103825136
VZ,HD,34.016129032258064
HD,WMT,38.700421940928265
XOM,HD,31.5
GLD,HD,42.76712328767123
SLV,HD,33.44444444444444
HON,IBM,40.03846153846154
INTC,HON,36.68115942028985
HON,KO,25.318840579710145
LLY,HON,25.016949152542374
MCD,HON,21.79032258064516
MRK,HON,27.660377358490567
MSFT,HON,26.672131147540984
HON,NEE,30.577464788732396
NFLX,HON,33.55223880597015
NKE,HON,26.507462686567163
ORCL,HON,30.41269841269841
HON,PEP,21.745454545454546
PFE,HON,35.507936507936506
PG,HON,35.91379310344828
QCOM,HON,26.132183908045977
RTX,HON,21.358974358974358
HON,T,41.70422535211268
HON,TMO,33.836363636363636
HON,TXN,25.42
UNH,HON,24.6
HON,VZ,29.517857142857142
WMT,HON,31.87878787878788
HON,XOM,28.316666666666666
HON,GLD,38.83582089552239
HON,SLV,32.784615384615385
INTC,IBM,32.51470588235294
JNJ,IBM,40.375
KO,IBM,36.46078431372548
LLY,IBM,33.306451612903224
MA,IBM,36.0
IBM,MCD,35.983050847457626
MDT,IBM,31.915254237288135
MSFT,IBM,25.1231884057971
NEE,IBM,30.4
IBM,NFLX,30.896551724137932
IBM,ORCL,31.305084745762713
PEP,IBM,22.532258064516128
IBM,PFE,35.732394366197184
QCOM,IBM,17.71153846153846
RTX,IBM,27.775862068965516
T,IBM,39.59154929577465
TMO,IBM,20.861538461538462
IBM,TXN,27.73913043478261
UNH,IBM,29.728813559322035
XOM,IBM,32.30909090909091
IBM,CL=F,33.732394366197184
IBM,SLV,33.898305084745765
JNJ,INTC,27.403225806451612
INTC,LIN,32.43939393939394
LLY,INTC,22.083333333333332
MA,INTC,33.0377358490566
MCD,INTC,32.078125
MDT,INTC,26.71698113207547
INTC,MRK,23.3125
INTC,MSFT,19.89090909090909
INTC,NEE,22.455882352941178
INTC,NKE,22.836363636363636
INTC,NVDA,38.5
INTC,ORCL,30.17241379310345
INTC,PEP,30.839285714285715
INTC,PFE,27.03448275862069
INTC,QCOM,20.683333333333334
INTC,RTX,36.32786885245902
T,INTC,38.529411764705884
INTC,TMO,41.94230769230769
INTC,TXN,27.537037037037038
UNH,INTC,35.68421052631579
INTC,VZ,31.731182795698924
CL=F,INTC,35.67567567567568
INTC,GLD,35.171875
INTC,SLV,34.857142857142854
JNJ,KO,21.274193548387096
LIN,JNJ,37.8
LLY,JNJ,25.236363636363638
JNJ,MA,29.107142857142858
MCD,JNJ,23.06153846153846
JNJ,MDT,31.044776119402986
MRK,JNJ,32.232142857142854
JNJ,MSFT,22.080645161290324
NEE,JNJ,34.92982456140351
JNJ,NFLX,33.629629629629626
JNJ,NKE,22.903846153846153
JNJ,NVDA,45.3469387755102
ORCL,JNJ,25.442307692307693
JNJ,PEP,30.87878787878788
JNJ,PFE,30.053333333333335
JNJ,PG,24.859375
JNJ,QCOM,24.327272727272728
JNJ,T,35.21621621621622
TMO,JNJ,25.607142857142858
TXN,JNJ,28.196428571428573
UNH,JNJ,25.70175438596491
VZ,JNJ,30.379310344827587
JNJ,WMT,28.857142857142858
XOM,JNJ,30.97142857142857
JNJ,GLD,31.246153846153845
JNJ,SLV,30.723684210526315
KO,LIN,35.6
KO,LLY,35.95454545454545
KO,MA,36.84285714285714
KO,MRK,27.084745762711865
MSFT,KO,20.553846153846155
NFLX,KO,34.37735849056604
NKE,KO,23.666666666666668
NVDA,KO,38.453125
KO,ORCL,28.559523809523807
PEP,KO,19.485714285714284
KO,PFE,19.50793650793651
KO,PG,24.419354838709676
KO,QCOM,27.282857142857143
RTX,KO,27.379310344827587
KO,T,30.17241379310345
TXN,KO,29.641509433962263
KO,UNH,36.74576271186441
KO,VZ,20.423728813559322
WMT,KO,28.818181818181817
KO,XOM,27.463768115942027
CL=F,KO,22.0327868852459
KO,GLD,30.393939393939394
LLY,LIN,30.836363636363636
MA,LIN,20.634920634920636
MCD,LIN,23.825396825396826
MDT,LIN,30.825396825396826
MRK,LIN,24.271428571428572
MSFT,LIN,24.851063829787233
NEE,LIN,35.220338983050844
LIN,NFLX,28.755102040816325
NKE,LIN,37.38356164383562
NVDA,LIN,34.05
LIN,ORCL,29.87111111111111
PEP,LIN,32.69090909090909
PG,LIN,33.943396226415096
QCOM,LIN,25.107142857142858
LIN,RTX,27.934426229508198
T,LIN,28.576923076923077
LIN,TMO,33.142857142857146
TXN,LIN,31.362068965517242
UNH,LIN,32.189655172413794
VZ,LIN,30.272727272727273
LIN,XOM,24.677419354838708
LIN,CL=F,29.614035087719298
GLD,LIN,41.22641509433962
LLY,MA,23.910714285714285
MCD,LLY,32.768115942028984
MDT,LLY,32.08484848484848
LLY,MRK,24.19402985074627
MSFT,LLY,25.41304347826087
NEE,LLY,23.126984126984127
NFLX,LLY,33.12307692307692
LLY,NKE,32.317460317460316
NVDA,LLY,40.87301587301587
LLY,ORCL,30.73134328358209
LLY,PEP,19.0
PFE,LLY,29.416666666666668
PG,LLY,33.87692307692308
LLY,QCOM,29.396825396825395
RTX,LLY,31.72222222222222
LLY,T,30.107142857142858
LLY,TMO,38.339622641509436
LLY,TXN,23.475409836065573
UNH,LLY,20.92982456140351
LLY,VZ,21.81132075471698
WMT,LLY,32.75757575757576
LLY,XOM,26.372549019607842
LLY,CL=F,34.70175438596491
GLD,LLY,35.81159420289855
SLV,LLY,34.01639344262295
MA,MCD,23.04255319148936
MA,MDT,21.779661016949152
MA,MRK,31.137931034482758
MSFT,MA,23.214285714285715
MA,NEE,37.657534246575345
MA,NKE,33.333333333333336
MA,NVDA,35.779661016949156
MA,PFE,34.66129032258065
MA,PG,23.428571428571427
QCOM,MA,23.64814814814815
MA,RTX,35.04615384615385
T,MA,30.568627450980394
TXN,MA,32.26229508196721
MA,UNH,31.885245901639344
VZ,MA,30.660714285714285
MA,XOM,37.705882352941174
MA,SLV,40.964285714285715
MRK,MCD,21.154929577464788
NFLX,MCD,35.982142857142854
MCD,NKE,23.426900584795323
MCD,NVDA,36.824561403508774
MCD,ORCL,15.353846153846154
MCD,PEP,23.063492063492063
MCD,PFE,37.095238095238095
PG,MCD,29.5625
MCD,RTX,29.650793650793652
TMO,MCD,29.366666666666667
TXN,MCD,27.55
MCD,UNH,14.192307692307692
MCD,VZ,23.870967741935484
WMT,MCD,30.276923076923076
CL=F,MCD,33.279411764705884
MCD,GLD,43.725806451612904
MRK,MDT,23.59375
MDT,MSFT,26.574074074074073
MDT,NEE,26.78688524590164
MDT,NFLX,33.859154929577464
NKE,MDT,25.17241379310345
MDT,NVDA,40.77777777777778
ORCL,MDT,27.984375
MDT,PEP,28.58490566037736
MDT,PFE,30.53548387096774
PG,MDT,19.75
QCOM,MDT,27.310344827586206
RTX,MDT,27.73099415204678
MDT,T,37.38461538461539
TMO,MDT,27.950819672131146
MDT,TXN,30.43333333333333
UNH,MDT,26.139393939393937
MDT,WMT,27.223684210526315
MDT,CL=F,33.31372549019608
MDT,SLV,25.841269841269842
MRK,NEE,28.149253731343283
MRK,NFLX,38.44615384615385
MRK,NKE,31.338983050847457
MRK,PFE,28.58823529411765
MRK,PG,23.71186440677966
MRK,QCOM,26.033898305084747
RTX,MRK,44.516666666666666
MRK,TXN,25.43548387096774
UNH,MRK,34.96153846153846
MRK,VZ,20.64814814814815
MRK,WMT,28.93220338983051
XOM,MRK,43.45454545454545
MRK,CL=F,42.76190476190476
GLD,MRK,31.323076923076922
MRK,SLV,31.565217391304348
NEE,MSFT,36.97395833333333
MSFT,NFLX,24.465753424657535
NKE,MSFT,29.21311475409836
NVDA,MSFT,44.50819672131148
MSFT,ORCL,19.238095238095237
MSFT,PEP,22.065573770491802
MSFT,PG,36.88461538461539
MSFT,QCOM,24.081967213114755
MSFT,RTX,18.660377358490567
T,MSFT,35.72777777777778
TMO,MSFT,24.870967741935484
MSFT,TXN,23.18867924528302
MSFT,VZ,23.56
MSFT,WMT,25.087719298245613
MSFT,XOM,35.75806451612903
CL=F,MSFT,33.096774193548384
NEE,NFLX,35.791666666666664
NKE,NEE,20.862745098039216
NEE,NVDA,34.91228070175438
PEP,NEE,27.098039215686274
NEE,PG,33.20754716981132
QCOM,NEE,35.0655737704918
RTX,NEE,30.483870967741936
TMO,NEE,34.90909090909091
NEE,VZ,23.43548387096774
NEE,WMT,19.546875
XOM,NEE,34.30882352941177
CL=F,NEE,30.38
NEE,GLD,29.389830508474578
NEE,SLV,34.8421052631579
NFLX,NVDA,41.46938775510204
ORCL,NFLX,32.09090909090909
PEP,NFLX,40.857142857142854
PFE,NFLX,44.87692307692308
PG,NFLX,33.19672131147541
RTX,NFLX,36.5
NFLX,T,36.85964912280702
NFLX,TMO,26.589285714285715
TXN,NFLX,38.65573770491803
NFLX,UNH,25.142857142857142
NFLX,XOM,33.806451612903224
CL=F,NFLX,34.472727272727276
NFLX,GLD,37.985074626865675
NVDA,NKE,24.263157894736842
NKE,PEP,24.949152542372882
NKE,PG,25.454545454545453
NKE,QCOM,27.484848484848484
NKE,RTX,23.866666666666667
NKE,TMO,30.20689655172414
TXN,NKE,14.88135593220339
UNH,NKE,30.25925925925926
VZ,NKE,32.803030303030305
NKE,XOM,31.069444444444443
CL=F,NKE,30.60696517412935
GLD,NKE,37.75
NKE,SLV,34.765625
NVDA,ORCL,36.63157894736842
NVDA,PEP,32.10958904109589
NVDA,PFE,36.81818181818182
PG,NVDA,40.2
NVDA,QCOM,31.395833333333332
RTX,NVDA,45.01960784313726
NVDA,T,36.56716417910448
NVDA,TMO,34.03846153846154
TXN,NVDA,35.38461538461539
NVDA,UNH,41.776595744680854
NVDA,VZ,29.087719298245613
WMT,NVDA,43.516129032258064
XOM,NVDA,28.423728813559322
NVDA,CL=F,37.13725490196079
GLD,NVDA,44.75
SLV,NVDA,33.089285714285715
PEP,ORCL,20.951612903225808
PG,ORCL,31.51923076923077
ORCL,TMO,31.48148148148148
ORCL,TXN,28.464052287581698
UNH,ORCL,20.338541666666664
VZ,ORCL,29.66176470588235
ORCL,WMT,27.256756756756758
ORCL,XOM,29.96153846153846
CL=F,ORCL,33.388888888888886
ORCL,GLD,30.228070175438596
ORCL,SLV,39.62686567164179
PFE,PEP,21.380281690140844
QCOM,PEP,22.630434782608695
T,PEP,31.294117647058822
TMO,PEP,31.160714285714285
PEP,TXN,23.574074074074073
PEP,UNH,33.24193548387097
PEP,VZ,21.614285714285714
WMT,PEP,27.439393939393938
XOM,PEP,31.771428571428572
CL=F,PEP,20.934426229508198
PG,PFE,23.17142857142857
QCOM,PFE,29.561643835616437
T,PFE,24.8
TMO,PFE,32.604166666666664
PFE,TXN,35.34722222222222
PFE,UNH,31.516666666666666
PFE,XOM,32.92307692307692
ABT,ACN,28.104477611940297
ABT,ADBE,37.79032258064516
ABT,AMZN,18.05
ABT,BMY,18.372549019607842
COST,ABT,33.88235294117647
ABT,CRM,27.9
ABT,CSCO,28.311475409836067
DHR,ABT,23.65671641791045
IBM,ABT,25.372222222222224
ABT,JNJ,22.84931506849315
KO,ABT,19.923076923076923
ABT,MCD,21.428571428571427
MRK,ABT,32.78181818181818
NEE,ABT,19.984848484848484
NVDA,ABT,36.41509433962264
PEP,ABT,29.07017543859649
PFE,ABT,30.353846153846153
ABT,RTX,29.035087719298247
T,ABT,29.375
ABT,TXN,22.70909090909091
UNH,ABT,33.50877192982456
WMT,ABT,28.22641509433962
ABT,XOM,32.3968253968254
CL=F,ABT,29.296875
ABT,GLD,41.87096774193548
ABT,SLV,31.8
ACN,AMZN,28.235294117647058
ACN,BMY,34.154589371980684
ACN,CRM,26.566666666666666
CSCO,ACN,29.20967741935484
ACN,DHR,34.950819672131146
ACN,DIS,25.90909090909091
ACN,HD,22.236363636363638
IBM,ACN,32.98412698412698
JNJ,ACN,32.26470588235294
KO,ACN,29.72
ACN,LLY,23.5
ACN,MA,32.61290322580645
ACN,MCD,26.137931034482758
ACN,MSFT,19.808888888888887
ACN,NEE,26.857142857142858
NFLX,ACN,26.24590163934426
ACN,NKE,28.253731343283583
ACN,NVDA,31.885245901639344
ACN,ORCL,26.205882352941178
ACN,PFE,40.111111111111114
RTX,ACN,26.0
T,ACN,31.296296296296298
TMO,ACN,22.29032258064516
TXN,ACN,28.897959183673468
ACN,WMT,25.485714285714284
ACN,CL=F,31.210526315789473
GLD,ACN,33.726027397260275
ACN,SLV,33.0
ADBE,AMZN,20.116666666666667
CMCSA,ADBE,36.63793103448276
ADBE,CRM,26.06
DIS,ADBE,27.609375
ADBE,GOOGL,31.873015873015873
ADBE,HD,26.25
ADBE,IBM,29.137931034482758
INTC,ADBE,35.753846153846155
JNJ,ADBE,35.2
ADBE,KO,25.35593220338983
LIN,ADBE,31.966666666666665
LLY,ADBE,40.73770491803279
ADBE,MA,30.641509433962263
ADBE,MCD,35.640625
ADBE,MSFT,29.163636363636364
ADBE,NEE,37.94285714285714
ADBE,PEP,33.15625
PG,ADBE,27.333333333333332
ADBE,QCOM,30.65625
ADBE,T,39.49295774647887
ADBE,TMO,28.560606060606062
UNH,ADBE,20.754716981132077
ADBE,VZ,35.19117647058823
XOM,ADBE,38.06666666666667
GLD,ADBE,35.327586206896555
ADBE,SLV,40.23555555555556
BMY,AMZN,30.844827586206897
AMZN,CMCSA,35.06666666666667
AMZN,COST,27.535714285714285
AMZN,CVX,29.483870967741936
DHR,AMZN,20.615384615384617
AMZN,DIS,25.705882352941178
AMZN,INTC,31.625
AMZN,JNJ,22.77358490566038
KO,AMZN,28.228070175438596
LIN,AMZN,16.72222222222222
AMZN,MA,42.42372881355932
AMZN,MRK,22.459016393442624
MSFT,AMZN,17.475409836065573
NEE,AMZN,21.838709677419356
AMZN,NFLX,35.0
ORCL,AMZN,26.8135593220339
AMZN,PEP,27.52542372881356
PG,AMZN,32.52238805970149
QCOM,AMZN,22.948275862068964
AMZN,TXN,30.483333333333334
UNH,AMZN,29.357142857142858
WMT,AMZN,29.836363636363636
XOM,AMZN,24.719298245614034
AMZN,CL=F,30.441176470588236
AMZN,SLV,31.112903225806452
BMY,CRM,29.44776119402985
DIS,BMY,32.79032258064516
BMY,IBM,35.622950819672134
BMY,INTC,27.2
BMY,KO,29.459016393442624
BMY,MCD,37.09230769230769
BMY,MRK,19.936507936507937
BMY,NEE,39.54237288135593
NVDA,BMY,33.90909090909091
BMY,ORCL,20.575757575757574
BMY,PEP,31.82758620689655
BMY,RTX,29.34328358208955
BMY,TXN,27.2
BMY,UNH,44.55
VZ,BMY,29.016393442622952
WMT,BMY,23.46875
COST,BRK-B,20.267857142857142
CRM,BRK-B,23.303030303030305
BRK-B,CSCO,38.28378378378378
BRK-B,CVX,23.0
BRK-B,DIS,34.74576271186441
BRK-B,GOOGL,37.29824561403509
HON,BRK-B,27.153846153846153
IBM,BRK-B,28.782407407407405
JNJ,BRK-B,19.014492753623188
BRK-B,LIN,24.145833333333332
BRK-B,LLY,33.01851851851852
BRK-B,MRK,34.53225806451613
MSFT,BRK-B,26.984848484848484
NEE,BRK-B,41.225806451612904
NFLX,BRK-B,24.350877192982455
PFE,BRK-B,32.61666666666667
BRK-B,PG,31.8
T,BRK-B,38.55555555555556
BRK-B,TMO,33.317460317460316
BRK-B,TXN,20.241935483870968
BRK-B,UNH,21.016949152542374
BRK-B,VZ,31.054054054054053
BRK-B,WMT,38.55555555555556
SLV,BRK-B,37.76119402985075
CMCSA,CSCO,23.84375
CMCSA,CVX,34.46153846153846
DHR,CMCSA,25.728571428571428
DIS,CMCSA,29.551724137931036
HON,CMCSA,29.523809523809526
CMCSA,INTC,30.50793650793651
CMCSA,LIN,25.238805970149254
CMCSA,LLY,32.14492753623188
MA,CMCSA,32.92307692307692
MCD,CMCSA,39.766666666666666
MRK,CMCSA,26.907894736842106
NEE,CMCSA,31.686567164179106
NFLX,CMCSA,31.28985507246377
CMCSA,PEP,41.592592592592595
CMCSA,PFE,18.384615384615383
QCOM,CMCSA,30.266666666666666
CMCSA,RTX,22.93220338983051
CMCSA,T,19.25
TMO,CMCSA,33.436619718309856
CMCSA,TXN,23.476190476190474
UNH,CMCSA,31.88235294117647
CL=F,CMCSA,48.041666666666664
GLD,CMCSA,24.583333333333332
SLV,CMCSA,28.313432835820894
CRM,COST,29.939393939393938
COST,DIS,30.688524590163933
COST,JNJ,24.96825396825397
KO,COST,28.63888888888889
LIN,COST,31.20967741935484
LLY,COST,28.11111111111111
COST,MA,21.14516129032258
COST,MCD,20.849056603773583
COST,MRK,30.939890710382517
COST,MSFT,24.63030303030303
COST,NEE,32.29824561403509
COST,NFLX,22.483870967741936
COST,PG,30.78125
QCOM,COST,17.466666666666665
TXN,COST,30.610169491525422
XOM,COST,42.58461538461538
COST,CL=F,33.5
CSCO,CRM,25.852459016393443
CRM,DIS,29.78723404255319
CRM,HON,28.732142857142858
CRM,IBM,30.37878787878788
CRM,INTC,29.758064516129032
LLY,CRM,29.84242424242424
MA,CRM,29.85185185185185
MCD,CRM,35.88709677419355
CRM,NKE,31.112903225806452
PG,CRM,30.714285714285715
CRM,T,45.35
TMO,CRM,31.982758620689655
CRM,UNH,28.35737704918033
VZ,CRM,38.90769230769231
XOM,CRM,31.161290322580644
CRM,CL=F,36.84615384615385
CSCO,DHR,27.056603773584907
CSCO,DIS,32.44897959183673
GOOGL,CSCO,28.572916666666664
CSCO,HON,33.39080459770115
CSCO,INTC,19.169811320754718
JNJ,CSCO,31.838709677419356
CSCO,LIN,37.588235294117645
LLY,CSCO,30.565217391304348
CSCO,MCD,23.591836734693878
CSCO,MRK,27.639344262295083
CSCO,MSFT,25.98076923076923
CSCO,NEE,23.796875
CSCO,NKE,35.92063492063492
CSCO,ORCL,30.338709677419356
PEP,CSCO,29.54
PG,CSCO,32.68518518518518
RTX,CSCO,25.138461538461538
CSCO,T,31.37704918032787
CSCO,VZ,30.5
CSCO,WMT,26.83606557377049
GLD,CSCO,35.8421052631579
CVX,IBM,28.88095238095238
CVX,INTC,19.90909090909091
LIN,CVX,30.696969696969695
LLY,CVX,24.779661016949152
MA,CVX,32.63076923076923
CVX,MDT,26.054545454545455
CVX,MSFT,30.333333333333332
NFLX,CVX,32.205882352941174
CVX,PFE,28.269444444444446
QCOM,CVX,28.177083333333332
RTX,CVX,21.08
T,CVX,36.9
CVX,TMO,35.985074626865675
CVX,WMT,35.2
XOM,CVX,24.903225806451612
CVX,CL=F,25.15
CVX,GLD,34.98009950248756
DIS,DHR,24.75409836065574
GOOGL,DHR,12.38888888888889
DHR,IBM,33.101694915254235
DHR,INTC,27.075757575757574
JNJ,DHR,30.760563380281692
DHR,LIN,25.490909090909092
DHR,LLY,26.016949152542374
MDT,DHR,18.727272727272727
DHR,NEE,23.919354838709676
DHR,NFLX,33.02985074626866
DHR,NVDA,37.984375
DHR,QCOM,22.903846153846153
DHR,RTX,25.728813559322035
DHR,T,29.549295774647888
DHR,VZ,28.220588235294116
DHR,WMT,23.42937853107345
DHR,XOM,27.065573770491802
DHR,CL=F,42.708333333333336
DHR,SLV,34.28813559322034
DIS,INTC,33.302469135802475
DIS,KO,26.417910447761194
MCD,DIS,24.964285714285715
MDT,DIS,30.603174603174605
DIS,MSFT,24.440677966101696
DIS,NKE,19.311475409836067
DIS,ORCL,27.508196721311474
PFE,DIS,38.596774193548384
DIS,QCOM,28.29230769230769
DIS,VZ,27.916666666666668
DIS,WMT,30.482142857142858
CL=F,DIS,41.395833333333336
GLD,DIS,36.241379310344826
SLV,DIS,38.12698412698413
GOOGL,IBM,27.31282051282051
INTC,GOOGL,24.795454545454547
GOOGL,JNJ,23.616666666666667
GOOGL,MA,28.440677966101696
MCD,GOOGL,25.671641791044777
MDT,GOOGL,25.017241379310345
GOOGL,MRK,22.5
GOOGL,PFE,22.4
PG,GOOGL,23.30188679245283
GOOGL,QCOM,21.045454545454547
RTX,GOOGL,17.436363636363637
T,GOOGL,37.87719298245614
TMO,GOOGL,30.369230769230768
UNH,GOOGL,35.02325581395349
GOOGL,CL=F,29.08
HD,HON,26.904761904761905
IBM,HD,28.444444444444443
HD,MA,33.392857142857146
HD,MCD,24.603448275862068
NKE,HD,22.385964912280702
PEP,HD,29.368686868686872
PG,HD,35.888888888888886
QCOM,HD,23.365079365079364
RTX,HD,25.784615384615385
HD,T,33.82089552238806
TXN,HD,26.32608695652174
HD,VZ,30.783333333333335
CL=F,HD,37.11594202898551
HD,GLD,37.382716049382715
HD,SLV,31.4078431372549
IBM,HON,30.507462686567163
HON,JNJ,24.636363636363637
KO,HON,30.0
HON,LIN,27.370967741935484
HON,MA,29.033898305084747
HON,MCD,17.17241379310345
MDT,HON,21.53448275862069
HON,MRK,38.23039215686274
NEE,HON,29.278688524590162
HON,NKE,28.54385964912281
NVDA,HON,33.839285714285715
HON,PFE,31.7
HON,RTX,18.120689655172413
TMO,HON,25.875
TXN,HON,25.615384615384617
HON,WMT,28.20967741935484
HON,CL=F,32.43859649122807
GLD,HON,23.88
SLV,HON,33.95384615384615
LIN,IBM,19.857142857142858
MCD,IBM,28.473684210526315
MRK,IBM,34.43103448275862
IBM,MSFT,32.629629629629626
NFLX,IBM,40.11594202898551
IBM,NKE,32.705882352941174
IBM,PEP,26.25
PFE,IBM,37.90163934426229
PG,IBM,37.0
IBM,QCOM,22.87878787878788
TXN,IBM,25.393939393939394
IBM,UNH,30.694915254237287
IBM,VZ,33.98571428571429
IBM,WMT,32.6764705882353
IBM,XOM,32.435483870967744
IBM,GLD,35.56666666666667
INTC,JNJ,25.80327868852459
INTC,KO,23.859649122807017
INTC,LLY,33.55384615384615
MRK,INTC,24.67924528301887
NEE,INTC,24.612068965517242
INTC,NFLX,38.666666666666664
NKE,INTC,24.81967213114754
NVDA,INTC,29.036363636363635
QCOM,INTC,20.137931034482758
INTC,T,24.607142857142858
INTC,UNH,29.03076923076923
VZ,INTC,29.471698113207548
INTC,WMT,24.392857142857142
XOM,INTC,23.37878787878788
INTC,CL=F,42.355932203389834
GLD,INTC,28.6
SLV,INTC,28.47826086956522
JNJ,LLY,20.29090909090909
MDT,JNJ,23.446428571428573
NFLX,JNJ,31.485294117647058
JNJ,ORCL,24.840579710144926
JNJ,RTX,22.275862068965516
JNJ,TXN,22.559322033898304
JNJ,VZ,28.96551724137931
WMT,JNJ,36.732394366197184
CL=F,JNJ,44.847457627118644
GLD,JNJ,32.32835820895522
LIN,KO,22.532258064516128
LLY,KO,27.696428571428573
MA,KO,29.81967213114754
KO,MCD,29.98148148148148
MDT,KO,33.67741935483871
MRK,KO,36.515151515151516
KO,MSFT,25.210526315789473
KO,NEE,30.61904761904762
KO,NFLX,30.553846153846155
KO,NKE,29.0
KO,NVDA,37.34375
ORCL,KO,23.72463768115942
KO,PEP,35.05769230769231
PG,KO,25.62121212121212
QCOM,KO,29.0
TMO,KO,31.74074074074074
KO,TXN,26.2
KO,WMT,20.65714285714286
SLV,KO,23.5
LIN,MA,23.892857142857142
LIN,MCD,20.620689655172413
LIN,MRK,30.015384615384615
LIN,NEE,24.971830985915492
NFLX,LIN,26.08974358974359
LIN,NVDA,40.68571428571428
PFE,LIN,33.1207729468599
LIN,PG,30.971830985915492
RTX,LIN,32.71875
TMO,LIN,33.486111111111114
LIN,TXN,23.508196721311474
LIN,VZ,34.729729729729726
XOM,LIN,38.58181818181818
SLV,LIN,38.7887323943662
LLY,MDT,28.275862068965516
LLY,MSFT,21.416666666666668
LLY,NEE,32.26315789473684
LLY,NFLX,28.046153846153846
NKE,LLY,34.228070175438596
PEP,LLY,27.389830508474578
LLY,PG,33.294871794871796
T,LLY,32.351851851851855
LLY,UNH,27.244897959183675
VZ,LLY,34.25714285714286
XOM,LLY,30.37878787878788
CL=F,LLY,38.63380281690141
LLY,GLD,41.704918032786885
LLY,SLV,40.7
MCD,MA,32.911764705882355
MA,MSFT,27.06382978723404
NEE,MA,37.51724137931034
NFLX,MA,30.971830985915492
MA,PEP,32.86206896551724
PFE,MA,38.23880597014925
PG,MA,29.34
MA,QCOM,23.051724137931036
RTX,MA,27.661290322580644
MA,T,30.352941176470587
TMO,MA,24.70689655172414
MA,VZ,30.47887323943662
WMT,MA,30.16
CL=F,MA,33.21311475409836
GLD,MA,37.08620689655172
SLV,MA,33.09230769230769
MCD,MDT,31.826923076923077
MCD,NFLX,26.41269841269841
NVDA,MCD,43.568627450980394
MCD,T,25.137931034482758
MCD,TMO,24.17241379310345
UNH,MCD,36.79365079365079
XOM,MCD,29.863636363636363
MSFT,MDT,23.625
NFLX,MDT,36.42372881355932
NVDA,MDT,25.242424242424242
MDT,ORCL,23.26775956284153
PEP,MDT,17.181818181818183
MDT,PG,23.53448275862069
MDT,RTX,23.035714285714285
VZ,MDT,29.80327868852459
WMT,MDT,24.17543859649123
CL=F,MDT,36.76
GLD,MDT,33.971014492753625
SLV,MDT,34.41538461538462
MSFT,MRK,28.269607843137255
MRK,ORCL,22.90566037735849
PEP,MRK,32.189655172413794
T,MRK,35.45161290322581
TXN,MRK,34.21818181818182
PEP,MSFT,21.06
PG,MSFT,26.629032258064516
RTX,MSFT,33.01639344262295
MSFT,UNH,29.65573770491803
MSFT,GLD,42.08955223880597
SLV,MSFT,29.93846153846154
NFLX,NEE,28.245283018867923
NEE,NKE,26.64179104477612
NEE,ORCL,26.789473684210527
NEE,PEP,32.0
PFE,NEE,42.10344827586207
PG,NEE,19.015384615384615
NEE,QCOM,31.11864406779661
NEE,T,35.54237288135593
TXN,NEE,33.564516129032256
NEE,UNH,38.5
WMT,NEE,24.557692307692307
NEE,XOM,38.763636363636365
NEE,CL=F,37.333333333333336
SLV,NEE,33.11538461538461
NKE,NFLX,24.70149253731343
NFLX,PG,30.049180327868854
NFLX,QCOM,26.276923076923076
NFLX,RTX,39.91379310344828
T,NFLX,38.6551724137931
TMO,NFLX,27.58730158730159
NFLX,TXN,24.8125
NFLX,VZ,39.37313432835821
NFLX,WMT,38.21666666666667
NFLX,SLV,34.31578947368421
NKE,NVDA,39.30769230769231
PEP,NKE,28.28813559322034
PG,NKE,26.16417910447761
NKE,T,31.666666666666664
NKE,TXN,17.807692307692307
NKE,VZ,28.98181818181818
NKE,GLD,34.296875
ORCL,NVDA,43.425287356321846
NVDA,PG,40.88709677419355
QCOM,NVDA,31.451612903225808
T,NVDA,35.763636363636365
NVDA,TXN,42.49230769230769
VZ,NVDA,45.753846153846155
NVDA,XOM,47.813559322033896
NVDA,GLD,38.54385964912281
ORCL,PFE,34.33870967741935
ORCL,PG,29.87272727272727
QCOM,ORCL,33.2108843537415
RTX,ORCL,21.05263157894737
ORCL,T,27.40277777777778
TXN,ORCL,23.466666666666665
ORCL,VZ,26.73076923076923
WMT,ORCL,29.84
ORCL,CL=F,34.416666666666664
GLD,ORCL,29.930555555555557
SLV,ORCL,19.467741935483872
PEP,PFE,27.1864406779661
PG,PEP,23.88888888888889
PEP,RTX,21.803571428571427
PEP,TMO,31.273972602739725
GLD,PEP,32.26229508196721
PEP,SLV,36.16129032258065
PFE,RTX,30.529411764705884
PFE,TMO,35.25396825396825
TXN,PFE,32.99393939393939
UNH,PFE,35.58064516129032
PFE,WMT,24.57377049180328
ABT,CMCSA,25.321428571428573
ABT,COST,24.114754098360656
CSCO,ABT,27.408163265306122
ABT,CVX,27.847457627118644
DIS,ABT,26.979166666666668
ABT,HD,30.125
INTC,ABT,27.033333333333335
ABT,KO,18.0
ABT,LIN,22.015873015873016
LLY,ABT,26.907692307692308
MCD,ABT,21.82843137254902
ABT,MDT,24.53846153846154
ABT,NEE,28.09433962264151
ABT,NVDA,29.29090909090909
ABT,TMO,36.184615384615384
ABT,VZ,35.827586206896555
ACN,COST,22.58
ACN,CVX,26.212121212121215
ACN,IBM,26.934426229508198
ACN,INTC,23.602409638554217
ACN,KO,30.1
ACN,MRK,30.266666666666666
ACN,NFLX,35.75409836065574
NKE,ACN,28.244897959183675
PFE,ACN,28.483091787439612
ACN,VZ,34.65277777777778
WMT,ACN,27.515625
XOM,ACN,18.4
BMY,ADBE,35.49152542372882
ADBE,BRK-B,25.844827586206897
ADBE,CSCO,25.065573770491802
MA,ADBE,25.984615384615385
ADBE,MRK,40.79245283018868
NKE,ADBE,27.85483870967742
ADBE,NVDA,44.75555555555555
ADBE,ORCL,28.405405405405407
ADBE,RTX,43.29824561403509
ADBE,CL=F,29.535519125683063
BRK-B,AMZN,27.651515151515152
IBM,AMZN,31.6984126984127
INTC,AMZN,23.0
MA,AMZN,21.18
AMZN,NVDA,36.71153846153846
AMZN,PG,34.96153846153846
AMZN,T,32.86666666666667
AMZN,TMO,34.56060606060606
VZ,AMZN,42.270114942528735
BRK-B,BMY,31.161111111111108
COST,BMY,36.927536231884055
CSCO,BMY,25.016393442622952
CVX,BMY,32.945205479452056
BMY,DHR,30.88135593220339
GOOGL,BMY,27.766666666666666
BMY,HON,26.28787878787879
KO,BMY,35.1551724137931
MSFT,BMY,21.271186440677965
NFLX,BMY,35.21621621621622
BMY,NKE,22.365079365079364
BMY,PFE,29.688524590163933
PG,BMY,25.0327868852459
QCOM,BMY,34.07936507936508
BMY,T,26.166666666666668
XOM,BMY,25.880597014925375
CL=F,BMY,41.638888888888886
DHR,BRK-B,31.508474576271187
INTC,BRK-B,32.4
BRK-B,MA,23.673076923076923
MDT,BRK-B,24.133333333333333
BRK-B,PEP,26.112903225806452
BRK-B,RTX,31.112903225806452
VZ,BRK-B,35.17460317460318
WMT,BRK-B,29.266666666666666
BRK-B,CL=F,38.67164179104478
GLD,BRK-B,26.21212121212121
CMCSA,COST,38.01754385964912
CMCSA,GOOGL,20.918032786885245
HD,CMCSA,26.313432835820894
CMCSA,MSFT,22.196428571428573
CMCSA,NFLX,34.57692307692308
NVDA,CMCSA,28.98076923076923
XOM,CMCSA,38.05084745762712
COST,CSCO,28.071428571428573
CVX,COST,34.1551724137931
DHR,COST,22.41269841269841
DIS,COST,24.903846153846153
COST,IBM,23.64814814814815
COST,INTC,23.742424242424242
COST,LIN,24.338983050847457
COST,MDT,31.682539682539684
COST,NKE,28.718309859154928
COST,RTX,22.714285714285715
COST,UNH,24.105263157894736
WMT,COST,23.087719298245613
CRM,GOOGL,23.903225806451612
HD,CRM,28.916666666666668
HON,CRM,28.784313725490197
IBM,CRM,31.327272727272728
CRM,JNJ,30.358490566037737
LIN,CRM,29.78688524590164
MDT,CRM,20.0
NEE,CRM,35.92537313432836
CRM,NFLX,30.983870967741936
CRM,ORCL,30.53030303030303
PEP,CRM,27.5
CRM,TXN,21.576271186440678
CRM,WMT,30.0
SLV,CRM,39.83582089552239
MCD,CSCO,33.49315068493151
NVDA,CSCO,40.183673469387756
TXN,CSCO,25.735849056603772
UNH,CSCO,30.85185185185185
SLV,CSCO,31.822580645161292
DHR,CVX,29.441176470588236
DIS,CVX,29.017241379310345
CVX,HON,23.23888888888889
INTC,CVX,29.868852459016395
MCD,CVX,31.472727272727273
CVX,ORCL,20.42622950819672
CVX,QCOM,25.037037037037038
CVX,TXN,26.26865671641791
CVX,VZ,30.524590163934427
HD,DHR,35.11666666666667
DHR,HON,22.714285714285715
DHR,KO,31.704918032786885
LLY,DHR,26.862068965517242
DHR,MA,27.114285714285714
NFLX,DHR,30.62264150943396
ORCL,DHR,20.8135593220339
PFE,DHR,26.482142857142858
PG,DHR,29.160714285714285
DHR,TMO,36.661764705882355
DHR,TXN,21.634920634920636
DHR,UNH,26.650793650793652
GOOGL,DIS,16.859649122807017
HD,DIS,30.865384615384617
DIS,HON,16.75862068965517
DIS,IBM,23.037735849056602
DIS,LIN,25.0
DIS,NEE,28.66216216216216
NFLX,DIS,37.14035087719298
PG,DIS,32.421052631578945
DIS,RTX,23.366666666666667
T,DIS,26.677419354838708
DIS,UNH,40.351851851851855
WMT,DIS,30.907692307692308
DIS,XOM,24.153846153846153
DIS,CL=F,29.506493506493506
GOOGL,HON,19.464285714285715
IBM,GOOGL,26.051724137931036
GOOGL,KO,28.25
LLY,GOOGL,25.9811320754717
GOOGL,MDT,20.232142857142858
MRK,GOOGL,28.70967741935484
GOOGL,MSFT,31.97278911564626
GOOGL,NEE,29.84375
GOOGL,TMO,34.2962962962963
GOOGL,TXN,16.056603773584907
GOOGL,WMT,31.421296296296298
GOOGL,SLV,36.5078125
KO,HD,40.87096774193548
HD,LIN,26.46551724137931
MCD,HD,25.791044776119403
NEE,HD,33.78947368421053
NFLX,HD,34.21311475409836
HD,NVDA,38.6078431372549
HD,ORCL,25.950819672131146
HD,TMO,25.46153846153846
HD,UNH,31.734375
HD,XOM,30.864406779661017
HD,CL=F,29.796296296296298
JNJ,HON,23.53448275862069
HON,LLY,29.772727272727273
MA,HON,25.396825396825395
HON,MSFT,20.35593220338983
HON,NFLX,26.389830508474578
PEP,HON,26.555555555555557
HON,UNH,24.044444444444444
XOM,HON,34.175438596491226
IBM,JNJ,30.016666666666666
IBM,LIN,32.044117647058826
IBM,LLY,28.688524590163933
IBM,MA,30.87272727272727
IBM,MDT,28.70689655172414
IBM,NEE,26.15625
NKE,IBM,33.979166666666664
IBM,NVDA,33.16
IBM,T,38.644067796610166
GLD,IBM,26.150943396226417
KO,INTC,25.016666666666666
LIN,INTC,28.571428571428573
INTC,MDT,28.393939393939394
NFLX,INTC,29.530054644808743
INTC,PG,22.225806451612904
MSFT,JNJ,32.765625
JNJ,NEE,30.024154589371978
NKE,JNJ,26.39344262295082
PFE,JNJ,27.75862068965517
PG,JNJ,27.67361111111111
QCOM,JNJ,23.524590163934427
RTX,JNJ,27.897959183673468
JNJ,UNH,27.682539682539684
MCD,KO,30.406779661016948
NEE,KO,26.47457627118644
PFE,KO,33.03636363636364
KO,RTX,29.0
KO,TMO,35.91044776119403
UNH,KO,33.88709677419355
VZ,KO,21.145454545454545
KO,CL=F,29.892307692307693
LIN,LLY,33.33898305084746
LIN,MDT,25.73134328358209
LIN,PFE,38.333333333333336
LIN,WMT,36.32835820895522
CL=F,LIN,28.507246376811594
LIN,SLV,22.934426229508198
MA,LLY,26.727272727272727
LLY,NVDA,42.37426900584795
ORCL,LLY,24.280701754385966
TXN,LLY,19.120689655172413
LLY,WMT,25.867924528301888
MDT,MA,36.983870967741936
NVDA,MA,44.016666666666666
MA,ORCL,37.1875
MA,TMO,29.244897959183675
MA,CL=F,30.15
MCD,MSFT,16.0
MCD,NEE,27.761904761904763
NKE,MCD,24.857142857142858
ORCL,MCD,28.77777777777778
MCD,PG,24.850746268656717
MCD,QCOM,31.278688524590162
T,MCD,38.411764705882355
MCD,WMT,33.515151515151516
MCD,CL=F,30.614035087719298
SLV,MCD,32.80701754385965
MDT,NKE,32.75471698113208
XOM,MDT,23.839285714285715
NVDA,MRK,39.65079365079365
MRK,PEP,19.20967741935484
PG,MRK,36.76
TMO,MRK,29.482142857142858
MRK,UNH,32.205882352941174
VZ,MRK,27.779411764705884
MRK,XOM,36.478873239436616
ORCL,MSFT,25.818181818181817
PFE,MSFT,32.703125
TXN,MSFT,23.466666666666665
GLD,MSFT,41.75806451612903
MSFT,SLV,31.694915254237287
NEE,PFE,22.220338983050848
NEE,TXN,27.80327868852459
GLD,NEE,37.5
NFLX,NKE,38.767857142857146
NVDA,NFLX,30.897959183673468
NFLX,ORCL,29.833333333333332
NFLX,PEP,33.48076923076923
QCOM,NFLX,36.61666666666667
XOM,NFLX,44.52238805970149
NFLX,CL=F,36.945205479452056
GLD,NFLX,30.12121212121212
NKE,ORCL,20.725806451612904
PFE,NKE,30.719298245614034
NKE,UNH,32.43283582089552
XOM,NKE,23.01851851851852
SLV,NKE,38.35
NVDA,RTX,40.75
NVDA,WMT,36.149758454106276
NVDA,SLV,39.94827586206897
ORCL,PEP,14.692307692307692
PFE,ORCL,29.58730158730159
XOM,ORCL,24.681818181818183
PEP,QCOM,26.5
TXN,PEP,20.916666666666668
PEP,GLD,35.65625
SLV,PEP,34.333333333333336
PFE,PG,33.0
RTX,PFE,35.29032258064516
PFE,VZ,27.19298245614035
XOM,PFE,38.42622950819672
BRK-B,ABT,32.44444444444444
HON,ABT,30.75409836065574
ABT,MA,24.945454545454545
ABT,NKE,23.387755102040817
QCOM,ABT,30.88135593220339
RTX,ABT,30.171875
ABT,CL=F,30.797101449275363
ADBE,ACN,26.81967213114754
CMCSA,ACN,31.5625
MDT,ACN,30.03846153846154
ORCL,ACN,37.41818181818182
ADBE,DIS,29.327272727272728
ADBE,HON,28.59016393442623
ADBE,MDT,33.26865671641791
NFLX,ADBE,35.981818181818184
ADBE,PFE,32.56140350877193
VZ,ADBE,29.636363636363637
AMZN,GOOGL,19.851063829787233
HD,AMZN,26.84
AMZN,PFE,28.47142857142857
AMZN,RTX,32.26923076923077
BMY,DIS,31.53968253968254
INTC,BMY,32.5
JNJ,BMY,22.125
BMY,LLY,26.24590163934426
BMY,MDT,29.20689655172414
BMY,TMO,38.375
BMY,WMT,26.43103448275862
SLV,BMY,29.651041666666668
CVX,BRK-B,26.456521739130434
BRK-B,IBM,25.14
BRK-B,INTC,29.589285714285715
BRK-B,KO,27.859375
LIN,BRK-B,30.546875
MA,BRK-B,22.847457627118644
MCD,BRK-B,30.163265306122447
BRK-B,MSFT,33.43103448275862
BRK-B,NFLX,32.93650793650794
NVDA,BRK-B,38.767857142857146
BRK-B,T,30.671875
CMCSA,JNJ,27.21518987341772
KO,CMCSA,25.23076923076923
MSFT,CMCSA,19.691176470588236
CMCSA,ORCL,25.830188679245282
PG,CMCSA,18.30188679245283
CMCSA,CL=F,35.148148148148145
GOOGL,COST,32.4
COST,HON,29.492753623188406
COST,PFE,38.6
COST,GLD,34.32692307692308
SLV,COST,33.225806451612904
MSFT,CRM,28.36842105263158
QCOM,CRM,21.612244897959183
CRM,RTX,28.09375
CRM,VZ,36.50877192982456
MA,CSCO,22.34722222222222
CSCO,NVDA,33.97014925373134
CSCO,PEP,23.102941176470587
PFE,CSCO,24.137931034482758
CSCO,GLD,35.152542372881356
HD,CVX,27.403846153846153
IBM,CVX,34.42465753424658
MDT,CVX,29.123076923076923
NVDA,CVX,35.03448275862069
CVX,PEP,36.86206896551724
SLV,CVX,33.53125
DHR,MRK,32.827586206896555
NEE,DHR,27.698245614035088
DHR,NKE,27.073529411764707
MA,DIS,24.35483870967742
DIS,MRK,26.055555555555557
DIS,PFE,36.596774193548384
TMO,DIS,31.83050847457627
HD,GOOGL,26.46268656716418
GOOGL,LIN,30.64840182648402
NFLX,GOOGL,27.794117647058822
NVDA,GOOGL,40.07142857142857
GOOGL,UNH,27.855263157894736
GOOGL,XOM,23.736842105263158
CL=F,GOOGL,33.689189189189186
GLD,GOOGL,25.467741935483872
HD,MDT,27.74576271186441
HD,MRK,33.55555555555556
MSFT,HD,27.473684210526315
HD,TXN,26.40740740740741
UNH,HD,22.62962962962963
CL=F,HON,46.078125
TMO,INTC,29.605263157894736
WMT,INTC,30.6775956284153
INTC,XOM,19.62264150943396
JNJ,LIN,28.71875
JNJ,MCD,32.266666666666666
JNJ,TMO,30.682539682539684
JNJ,XOM,32.72727272727273
XOM,KO,35.01960784313726
KO,SLV,40.49333333333333
LIN,MSFT,26.69945355191257
ORCL,LIN,40.130434782608695
LIN,PEP,38.114754098360656
LIN,T,29.59722222222222
LIN,UNH,24.765625
WMT,LIN,31.681818181818183
LIN,GLD,30.879310344827587
LLY,MCD,19.49019607843137
LLY,PFE,28.0
ORCL,MA,22.90566037735849
PEP,MA,31.661971830985916
UNH,MA,33.05172413793103
NEE,MCD,36.359375
PEP,MCD,39.0
PFE,MCD,31.676470588235293
VZ,MCD,28.01492537313433
MCD,XOM,20.724137931034484
GLD,MCD,36.0
T,MDT,25.096774193548388
MDT,UNH,37.292307692307695
MDT,XOM,28.389830508474578
NFLX,MRK,43.5625
ORCL,MRK,27.98507462686567
QCOM,MRK,28.828125
MRK,TMO,32.169154228855724
WMT,MRK,35.544117647058826
CL=F,MRK,37.4264705882353
NFLX,MSFT,28.0
MSFT,NKE,31.19607843137255
MSFT,PFE,26.5
QCOM,MSFT,21.0
MSFT,T,28.265625
XOM,MSFT,33.15873015873016
MSFT,CL=F,26.85
NEE,RTX,38.583333333333336
UNH,NEE,26.189655172413794
VZ,NEE,25.236363636363638
ORCL,NKE,24.455128205128208
QCOM,NKE,25.132075471698112
RTX,NKE,25.81967213114754
TMO,NKE,28.46031746031746
WMT,NKE,37.69117647058823
NKE,CL=F,32.71875
UNH,NVDA,40.228070175438596
T,ORCL,32.96610169491525
TMO,ORCL,34.89705882352941
RTX,PEP,21.983333333333334
VZ,PFE,32.10204081632653
ABT,GOOGL,24.74074074074074
JNJ,ABT,21.155555555555555
TXN,ABT,24.280701754385966
ACN,BRK-B,24.112903225806452
LIN,ACN,33.41509433962264
MRK,ACN,34.597297297297295
ACN,QCOM,23.06896551724138
SLV,ACN,34.36842105263158
ADBE,CVX,33.62264150943396
MRK,ADBE,39.0735294117647
ADBE,NKE,29.347826086956523
PEP,ADBE,30.8
ADBE,PG,37.3968253968254
CSCO,AMZN,35.51724137931034
AMZN,HON,31.037735849056602
AMZN,LLY,26.433333333333334
MCD,AMZN,25.685714285714287
AMZN,MSFT,14.925
AMZN,NKE,17.21818181818182
RTX,AMZN,24.637931034482758
SLV,AMZN,33.93333333333333
HD,BMY,30.228070175438596
MA,BMY,27.861538461538462
BMY,GLD,35.0
UNH,BRK-B,28.19298245614035
MDT,CMCSA,29.75409836065574
NKE,CMCSA,26.914285714285715
COST,NVDA,48.94444444444444
PEP,COST,36.23809523809524
T,COST,29.862068965517242
VZ,COST,32.333333333333336
CVX,CRM,27.596491228070175
CRM,KO,27.88888888888889
CRM,PG,32.53846153846154
CRM,GLD,33.47457627118644
CSCO,MDT,21.625
T,CSCO,25.483870967741936
TMO,CSCO,31.55
CSCO,XOM,30.82758620689655
CL=F,CSCO,36.58
CVX,GOOGL,23.636363636363637
CVX,LLY,32.56521739130435
MRK,CVX,29.688524590163933
NEE,CVX,25.527272727272727
PG,CVX,35.07936507936508
CVX,RTX,29.21212121212121
UNH,CVX,36.291666666666664
WMT,CVX,38.38095238095238
MCD,DHR,28.854545454545455
DHR,ORCL,28.16
PEP,DHR,31.745098039215687
VZ,DHR,27.25
WMT,DHR,29.690140845070424
DIS,JNJ,35.2962962962963
DIS,LLY,33.87719298245614
GOOGL,NKE,18.91304347826087
GOOGL,RTX,30.58730158730159
GOOGL,VZ,27.725806451612904
HD,PFE,38.130718954248366
TMO,HD,24.379310344827587
HON,INTC,24.982758620689655
T,HON,38.574074074074076
VZ,HON,31.4
ORCL,IBM,23.448275862068964
IBM,PG,25.43076923076923
IBM,RTX,29.425925925925927
IBM,TMO,38.64912280701754
CL=F,IBM,28.083333333333332
INTC,MCD,20.177419354838708
MSFT,INTC,19.442622950819672
KO,JNJ,23.34375
JNJ,MRK,22.841269841269842
T,JNJ,31.849056603773583
JNJ,CL=F,40.66129032258065
MRK,LLY,21.11111111111111
QCOM,LLY,36.421052631578945
XOM,MA,36.851851851851855
MCD,MRK,38.25
QCOM,MCD,24.90566037735849
RTX,MCD,27.245283018867923
MDT,MRK,23.586206896551722
NEE,MDT,32.95
PFE,MDT,28.75862068965517
MDT,VZ,27.2
MRK,MSFT,30.62
NKE,MRK,32.65151515151515
MRK,NVDA,45.48979591836735
PFE,MRK,31.126984126984127
MRK,T,32.791044776119406
UNH,MSFT,23.41269841269841
VZ,MSFT,29.84313725490196
WMT,MSFT,33.05882352941177
VZ,NFLX,38.78125
WMT,NFLX,32.25423728813559
SLV,NFLX,37.27272727272727
NKE,PFE,26.044776119402986
T,NKE,27.686274509803923
PEP,NVDA,37.943396226415096
ORCL,UNH,28.1864406779661
PEP,PG,27.874074074074073
PEP,T,30.696428571428573
PEP,CL=F,37.61538461538461
PFE,T,30.19047619047619
WMT,PFE,31.784615384615385
ABT,PFE,25.60377358490566
ACN,GOOGL,28.196969696969695
HD,ACN,26.784313725490197
PEP,ACN,28.36842105263158
ADBE,COST,36.40136054421769
ADBE,DHR,32.0
ADBE,JNJ,35.65196078431372
MDT,ADBE,29.45
ADBE,TXN,25.083333333333332
WMT,ADBE,37.1875
AMZN,GLD,33.166666666666664
BMY,MA,31.160714285714285
BMY,NVDA,46.23728813559322
TMO,BMY,34.407407407407405
BRK-B,COST,25.032258064516128
NKE,BRK-B,33.74
BRK-B,ORCL,22.473684210526315
QCOM,BRK-B,21.355555555555554
CMCSA,CRM,32.78082191780822
IBM,CMCSA,29.12727272727273
WMT,CMCSA,32.17741935483871
CRM,DHR,17.903225806451612
CRM,MCD,25.785714285714285
QCOM,CSCO,22.13333333333333
JNJ,CVX,23.017857142857142
KO,CVX,27.132075471698112
GLD,DHR,32.0
KO,DIS,28.20754716981132
DIS,PEP,21.04225352112676
TXN,DIS,28.471698113207548
GOOGL,PEP,25.607142857142858
HD,INTC,32.07692307692308
HD,LLY,23.913793103448278
WMT,HD,39.76923076923077
HON,MDT,36.473684210526315
HON,ORCL,29.72222222222222
HON,PG,22.233333333333334
HON,QCOM,17.90740740740741
VZ,IBM,39.42622950819672
SLV,IBM,33.98360655737705
PG,INTC,25.9375
TXN,INTC,25.09259259259259
MA,JNJ,23.317460317460316
T,KO,30.89830508474576
LIN,NKE,31.382978723404257
MA,WMT,44.98275862068966
MCD,SLV,50.69117647058823
TXN,MDT,28.87272727272727
MSFT,TMO,25.150943396226417
NEE,TMO,39.06878306878306
TMO,NVDA,45.142857142857146
CL=F,NVDA,35.648148148148145
ORCL,QCOM,24.934426229508198
PEP,WMT,25.267857142857142
PEP,XOM,24.596491228070175
PFE,QCOM,29.177419354838708
MSFT,ABT,25.736842105263158
PG,ABT,26.485380116959064
CMCSA,DHR,24.18867924528302
CMCSA,NKE,32.283018867924525
T,CMCSA,31.078125
COST,CRM,26.814814814814813
IBM,COST,40.706896551724135
TMO,COST,22.77777777777778
CRM,CSCO,34.19642857142857
MRK,CRM,34.30357142857143
NVDA,CRM,36.2037037037037
CSCO,CVX,34.78181818181818
CSCO,IBM,24.907692307692308
CSCO,NFLX,35.38461538461539
ORCL,CSCO,18.3
CVX,NKE,32.27450980392157
MSFT,DHR,14.60655737704918
NVDA,DIS,29.181818181818183
HD,JNJ,26.49206349206349
NVDA,IBM,33.41509433962264
ORCL,INTC,25.603448275862068
PFE,INTC,29.18032786885246
NVDA,JNJ,37.09230769230769
PEP,JNJ,20.88888888888889
KO,MDT,26.0
MRK,MA,35.610169491525426
MA,NFLX,31.67924528301887
MSFT,MCD,20.941520467836256
MDT,TMO,26.311475409836067
NVDA,NEE,35.483870967741936
ORCL,NEE,32.75757575757576
NFLX,ABT,33.50847457627118
ABT,ORCL,29.4
ACN,HON,30.433333333333334
PG,ACN,23.151515151515152
UNH,ACN,34.81818181818182
ADBE,LLY,35.056603773584904
MDT,AMZN,27.784313725490197
BMY,LIN,31.574074074074073
MCD,BMY,34.46666666666667
PFE,BMY,31.833333333333332
BRK-B,CMCSA,29.640625
XOM,BRK-B,33.31578947368421
COST,HD,30.25581395348837
CRM,PFE,24.54385964912281
GLD,CVX,33.5
LIN,DHR,18.746478873239436
LIN,HON,26.083333333333332
PEP,INTC,26.818181818181817
LIN,QCOM,18.926470588235293
TMO,LLY,29.279411764705884
MA,GLD,34.67213114754098
MDT,GLD,39.46551724137931
MSFT,NEE,19.0
MSFT,NVDA,32.421052631578945
T,NEE,36.9
NKE,WMT,35.42
PFE,NVDA,35.45454545454545
ORCL,RTX,31.285714285714285
VZ,PEP,34.94736842105263
ADBE,BMY,33.46774193548387
CRM,AMZN,18.11864406779661
BRK-B,JNJ,28.880952380952383
BRK-B,MCD,23.87323943661972
BRK-B,NEE,28.306451612903224
ORCL,COST,27.912280701754387
HD,CSCO,27.40983606557377
KO,CSCO,22.724137931034484
HON,DHR,22.296296296296298
ORCL,GOOGL,28.614035087719298
MDT,MCD,24.316666666666666
MCD,TXN,25.982142857142858
MDT,QCOM,16.160714285714285
MRK,GLD,30.704918032786885
UNH,NFLX,40.49152542372882
BMY,CMCSA,21.892857142857142
VZ,CMCSA,31.035087719298247
IBM,KO,31.129032258064516
INTC,MA,28.650793650793652
RTX,INTC,26.725490196078432
NEE,MRK,43.96491228070175
SLV,MRK,30.638297872340427
NFLX,PFE,37.1875
HON,NVDA,32.666666666666664
IBM,MRK,29.16393442622951
SLV,JNJ,30.557377049180328
GLD,KO,45.161764705882355
IBM,INTC,30.45
WMT,IBM,33.644067796610166
MRK,RTX,33.3469387755102
PG,BRK-B,23.21818181818182
LLY,RTX,30.235294117647058
HD,BRK-B,24.439393939393938
MA,TXN,17.952380952380953
UNH,PEP,27.77777777777778
NKE,MA,27.148936170212767
